word,displayText
use,use
import,important
risk,risk
present,present
work,work
peopl,people
contact,contact
help,help
pra,pra
output,output
analysi,analysis
know,know
report,report
get,get
interest,interest
need,need
read,read
receiv,receive
firm,firm
staff,staff
success,success
issu,issue
provid,provide
bank,bank
good,good
time,time
less,less
particular,particular
awar,aware
relat,relate
understand,understand
area,area
key,key
make,make
new,new
polici,policy
data,data
develop,develop
integr,integrate
want,want
chang,change
fpc,fpc
much,much
abl,able
clear,clear
coverag,coverage
gather,gather
mpc,mpc
note,note
extern,external
focus,focus
intellig,intelligence
level,level
structur,structure
term,term
think,think
alway,always
differ,different
expect,expect
meet,meet
number,number
particip,participate
requir,require
see,see
via,via
view,view
agenda,agenda
around,around
collect,collect
convers,conversation
dont,dont
even,even
member,member
produc,produce
rather,rather
way,way
week,week
agent,agent
approach,approach
better,better
governor,governor
identifi,identify
includ,include
like,like
outsid,outside
suggest,suggest
board,board
cover,cover
individu,individual
influenc,influence
may,may
might,might
possibl,possible
potenti,potential
price,price
question,question
relev,relevant
senior,senior
topic,topic
activ,active
current,current
engag,engage
equiti,equities
impact,impact
lot,lot
materi,material
movement,movement
must,must
narrat,narrative
order,order
perspect,perspective
prempc,prempc
round,round
system,system
team,team
tell,tell
avail,available
avoid,avoid
daili,daily
event,event
everyth,everything
improv,improve
interpret,interpret
look,look
model,model
now,now
other,other
process,process
product,product
recent,recent
recognis,recognise
respons,response
say,say
themat,theme
valu,value
access,access
benefit,benefit
broad,broad
central,central
close,close
commod,commodities
escal,escalation
find,find
format,format
give,give
given,given
inform,inform
manag,manage
pass,pass
person,person
point,point
posit,position
prefer,prefer
rang,rang
relationship,relationship
someon,someone
theme,theme
ask,ask
balanc,balance
becom,become
believ,believe
breadth,breadth
call,call
cant,cant
detail,detail
ensur,ensure
explain,explain
first,first
idea,idea
knowledg,knowledge
object,object
prioriti,priority
public,public
right,right
role,role
run,run
sometim,sometimes
sourc,source
speak,speak
stabil,stable
strong,strong
take,take
type,type
without,without
asset,asset
best,best
certain,certain
channel,channel
consid,consider
contain,contain
crucial,crucial
didnt,didnt
enough,enough
expertis,expertise
flow,flow
forward,forward
found,found
fundament,fundamental
general,general
horizon,horizon
institut,institution
interact,interact
just,just
line,line
page,page
place,place
previous,previous
push,push
reaction,reaction
real,real
sens,sense
set,set
share,share
short,short
supervis,supervise
told,told
year,year
analyt,analyt
appli,appli
challeng,challeng
comfort,comfort
committe,committe
concern,concern
conduct,conduct
consum,consum
crisi,crisi
direct,direct
discret,discret
discuss,discuss
draw,draw
especi,especi
granular,granular
head,head
hod,hod
increas,increas
insight,insight
instrument,instrument
involv,involv
london,london
long,long
mandat,mandat
memo,memo
messag,messag
month,month
move,move
natur,natur
open,open
past,past
pick,pick
raw,raw
regular,regular
resourc,resourc
second,second
sector,sector
supervisor,supervisor
talk,talk
wide,wide
worri,worri
amount,amount
analyst,analyst
appropri,appropri
bit,bit
brief,brief
calibr,calibr
carri,carri
case,case
comment,comment
consist,consist
control,control
cost,cost
cultur,cultur
custom,custom
due,due
economist,economist
effect,effect
effici,effici
explan,explan
exposur,exposur
feed,feed
filter,filter
fix,fix
fund,fund
furthermor,furthermor
happen,happen
high,high
incom,incom
indepth,indepth
keep,keep
longer,longer
mad,mad
noth,noth
obtain,obtain
often,often
overal,overal
paper,paper
part,part
piec,piec
prefpc,prefpc
probabl,probabl
qualiti,qualiti
rais,rais
reason,reason
regul,regul
seen,seen
similar,similar
small,small
specif,specif
spot,spot
sterl,sterl
stori,stori
stress,stress
supervisori,supervisori
synthesis,synthesis
though,though
understood,understood
valuabl,valuabl
whole,whole
wider,wider
worth,worth
writeup,writeup
addit,addit
allow,allow
alreadi,alreadi
anecdot,anecdot
aspect,aspect
assess,assess
behind,behind
bigger,bigger
build,build
capit,capit
colour,colour
combin,combin
come,come
confid,confid
context,context
corpor,corpor
difficult,difficult
distil,distil
distinct,distinct
done,done
drawn,drawn
easi,easi
econom,econom
establish,establish
experi,experi
featur,featur
fed,fed
feel,feel
framework,framework
frequent,frequent
fsr,fsr
function,function
futur,futur
greater,greater
hed,hed
hous,hous
inde,inde
intern,intern
job,job
keen,keen
larg,larg
learn,learn
limit,limit
matter,matter
miss,miss
morn,morn
necessari,necessari
news,news
observ,observ
opinion,opinion
organis,organis
period,period
pull,pull
qualit,qualit
queri,queri
rank,rank
rate,rate
reach,reach
regulatori,regulatori
request,request
result,result
separ,separ
serv,serv
start,start
substanti,substanti
support,support
systemat,systemat
tend,tend
thing,thing
togeth,togeth
tradit,tradit
trend,trend
trust,trust
undertak,undertak
wish,wish
world,world
wrong,wrong
accept,accept
achiev,achiev
act,act
adequ,adequ
agre,agre
announc,announc
anyth,anyth
aris,aris
attend,attend
attent,attent
author,author
back,back
basi,basi
behaviour,behaviour
broker,broker
busi,busi
charter,charter
chines,chines
circular,circular
condit,condit
connect,connect
constant,constant
constraint,constraint
continu,continu
couldnt,couldnt
cut,cut
decid,decid
deliv,deliv
deliveri,deliveri
demand,demand
difficulti,difficulti
director,director
discount,discount
divorc,divorc
doesnt,doesnt
drew,drew
economi,economi
emerg,emerg
equal,equal
everyon,everyon
exampl,exampl
exist,exist
eye,eye
feedback,feedback
follow,follow
form,form
frequenc,frequenc
fresh,fresh
front,front
fssr,fssr
gain,gain
great,great
hand,hand
harder,harder
health,health
hedg,hedg
highlight,highlight
hindsight,hindsight
horizonscan,horizonscan
incorpor,incorpor
induct,induct
inflat,inflat
instead,instead
investig,investig
join,join
judgment,judgment
junior,junior
knew,knew
len,len
light,light
listen,listen
littl,littl
macro,macro
mark,mark
measur,measur
mindi,mindi
minut,minut
mitig,mitig
moment,moment
msm,msm
necessarili,necessarili
nois,nois
nonbank,nonbank
occur,occur
offic,offic
oil,oil
oper,oper
opportun,opportun
option,option
outcom,outcom
perhap,perhap
phone,phone
power,power
principl,principl
privat,privat
programm,programm
prompt,prompt
protect,protect
put,put
rare,rare
reactiv,reactiv
reader,reader
reduc,reduc
rose,rose
saw,saw
scope,scope
script,script
seamless,seamless
seem,seem
sensit,sensit
session,session
show,show
signific,signific
silo,silo
skill,skill
sophist,sophist
sought,sought
specialist,specialist
state,state
subject,subject
subscrib,subscrib
summari,summari
summaris,summaris
synthesi,synthesi
technic,technic
that,that
theoret,theoret
top,top
trade,trade
trader,trader
transpar,transpar
tri,tri
turn,turn
uniqu,uniqu
visit,visit
wall,wall
warn,warn
what,what
whilst,whilst
will,will
wisdom,wisdom
write,write
written,written
young,young
abil,abil
absorb,absorb
accompani,accompani
actual,actual
advantag,advantag
agenc,agenc
ago,ago
ajb,ajb
alert,alert
alloc,alloc
analog,analog
appear,appear
appetit,appetit
arriv,arriv
ascrib,ascrib
assert,assert
assumpt,assumpt
audienc,audienc
avid,avid
away,away
bailey,bailey
band,band
base,base
bias,bias
big,big
blend,blend
blind,blind
blindsid,blindsid
break,break
bring,bring
broader,broader
buildingmaintain,buildingmaintain
burden,burden
care,care
chart,chart
chris,chris
circumst,circumst
cite,cite
commerci,commerci
commiss,commiss
common,common
communic,communic
compar,compar
complet,complet
comprehens,comprehens
conclus,conclus
conduc,conduc
confus,confus
construct,construct
crash,crash
credit,credit
dark,dark
date,date
daytoday,daytoday
decis,decis
defin,defin
delet,delet
depth,depth
describ,describ
desk,desk
despit,despit
digest,digest
dismiss,dismiss
divid,divid
dri,dri
driver,driver
earli,earli
easier,easier
edit,edit
element,element
entail,entail
esoter,esoter
everi,everi
excess,excess
exchang,exchang
expand,expand
exploit,exploit
expos,expos
favour,favour
fill,fill
firmspecif,firmspecif
fit,fit
flag,flag
flagship,flagship
fls,fls
followup,followup
fora,fora
free,free
freedom,freedom
fsb,fsb
full,full
fulli,fulli
global,global
gossip,gossip
group,group
growth,growth
gun,gun
hard,hard
hardwir,hardwir
hes,hes
hide,hide
histor,histor
hold,hold
ideal,ideal
ignor,ignor
impress,impress
inclin,inclin
indic,indic
innov,innov
input,input
instruct,instruct
intent,intent
intermedi,intermedi
introduct,introduct
invest,invest
item,item
jargon,jargon
jon,jon
judgement,judgement
justifi,justifi
landscap,landscap
larger,larger
largest,largest
last,last
lead,lead
legal,legal
lend,lend
leverag,leverag
list,list
lobbi,lobbi
locat,locat
low,low
machin,machin
macroeconom,macroeconom
macroprudenti,macroprudenti
maintain,maintain
major,major
mampc,mampc
mansion,mansion
mass,mass
maximum,maximum
mean,mean
mechan,mechan
method,method
mind,mind
minutebyminut,minutebyminut
mission,mission
mixtur,mixtur
monitor,monitor
moreov,moreov
mts,mts
neither,neither
none,none
notabl,notabl
nugget,nugget
obvious,obvious
occas,occas
occasion,occasion
old,old
otherwis,otherwis
outlier,outlier
overcom,overcom
owe,owe
pack,pack
pay,pay
percept,percept
plumb,plumb
policymak,policymak
pool,pool
popular,popular
post,post
prab,prab
prepar,prepar
pretti,pretti
procedur,procedur
properti,properti
prove,prove
quarter,quarter
quasi,quasi
quit,quit
rand,rand
readili,readili
recept,recept
recommend,recommend
reconcil,reconcil
refer,refer
reflect,reflect
refresh,refresh
regard,regard
reinforc,reinforc
remain,remain
remov,remov
repres,repres
reput,reput
research,research
resist,resist
rest,rest
retain,retain
review,review
richer,richer
robust,robust
routin,routin
rsd,rsd
safeguard,safeguard
scan,scan
scientif,scientif
score,score
search,search
secretariat,secretariat
section,section
sensibl,sensibl
sensitis,sensitis
sent,sent
shadow,shadow
shouldnt,shouldnt
six,six
slot,slot
smoke,smoke
sole,sole
somewhat,somewhat
somewher,somewher
space,space
speech,speech
stand,stand
statement,statement
step,step
still,still
stock,stock
strike,strike
suffici,suffici
surfac,surfac
surpris,surpris
swamp,swamp
switch,switch
synthes,synthes
taken,taken
ten,ten
tendenc,tendenc
test,test
thus,thus
toward,toward
tsc,tsc
unchang,unchang
under,under
unvarnish,unvarnish
usual,usual
version,version
whose,whose
wise,wise
within,within
wonder,wonder
word,word
yet,yet
absenc,absenc
absent,absent
abus,abus
accord,accord
acknowledg,acknowledg
acronym,acronym
action,action
adapt,adapt
address,address
adhoc,adhoc
adjust,adjust
advanc,advanc
advic,advic
affect,affect
afford,afford
agendaset,agendaset
aggreg,aggreg
agricultur,agricultur
ahead,ahead
align,align
alleg,alleg
almost,almost
altern,altern
amongst,amongst
angl,angl
anoth,anoth
answer,answer
antithesi,antithesi
anxious,anxious
anywher,anywher
appar,appar
appreci,appreci
approv,approv
arbitrari,arbitrari
arena,arena
argu,argu
arrang,arrang
ascertain,ascertain
asian,asian
assum,assum
ath,ath
attun,attun
audit,audit
authorit,authorit
automat,automat
background,background
bar,bar
barclay,barclay
bear,bear
behav,behav
benchmark,benchmark
benefici,benefici
bhp,bhp
biggest,biggest
bis,bis
bizarr,bizarr
blank,blank
blip,blip
bloomberg,bloomberg
bloombergth,bloombergth
bodi,bodi
boil,boil
bond,bond
book,book
bother,bother
bottom,bottom
bottomup,bottomup
bought,bought
branch,branch
brand,brand
breviti,breviti
bridg,bridg
broaden,broaden
brush,brush
bubbl,bubbl
bulb,bulb
buy,buy
buysid,buysid
calcul,calcul
canada,canada
candour,candour
canva,canva
canvass,canvass
capac,capac
card,card
carney,carney
catchup,catchup
categori,categori
categoris,categoris
caus,caus
caution,caution
cbs,cbs
centr,centr
chain,chain
chair,chair
chanc,chanc
charact,charact
china,china
choke,choke
choos,choos
chuckl,chuckl
chunk,chunk
circl,circl
circul,circul
clarifi,clarifi
clariti,clariti
clean,clean
clearer,clearer
coalfac,coalfac
communiti,communiti
compani,compani
comparison,comparison
complianc,complianc
compress,compress
conced,conced
concept,concept
condens,condens
conduit,conduit
confirm,confirm
confirmationinterrog,confirmationinterrog
congress,congress
conscienc,conscienc
conscious,conscious
consensus,consensus
consequ,consequ
consequenti,consequenti
constitut,constitut
constrain,constrain
consult,consult
consumpt,consumpt
contagion,contagion
content,content
contrari,contrari
contrast,contrast
contribut,contribut
conven,conven
convent,convent
coordin,coordin
copi,copi
core,core
cornish,cornish
corrobor,corrobor
counter,counter
cours,cours
cpi,cpi
creat,creat
crop,crop
cross,cross
crossdirector,crossdirector
crowd,crowd
crude,crude
currenc,currenc
cursori,cursori
curv,curv
cynic,cynic
danger,danger
datanew,datanew
deal,deal
decreas,decreas
deep,deep
deepdiv,deepdiv
deepli,deepli
default,default
defenc,defenc
defend,defend
defens,defens
definit,definit
degre,degre
delay,delay
deriv,deriv
design,design
desir,desir
deskbas,deskbas
determin,determin
deutsch,deutsch
devic,devic
diagnos,diagnos
dialogu,dialogu
diari,diari
dictat,dictat
dig,dig
dimens,dimens
disagre,disagre
disappointedb,disappointedb
disast,disast
disintermedi,disintermedi
disorganis,disorganis
distanc,distanc
distinguish,distinguish
distort,distort
distribut,distribut
divers,divers
divis,divis
document,document
dollar,dollar
dot,dot
doubl,doubl
doubt,doubt
drilldown,drilldown
drop,drop
dump,dump
duplic,duplic
ear,ear
easili,easili
eba,eba
edg,edg
editor,editor
either,either
els,els
elsewher,elsewher
email,email
embed,embed
embellish,embellish
emphasi,emphasi
emphasis,emphasis
employ,employ
enabl,enabl
encourag,encourag
end,end
endors,endors
engin,engin
england,england
enlighten,enlighten
enorm,enorm
enquiri,enquiri
entitl,entitl
envi,envi
environ,environ
equip,equip
err,err
error,error
evan,evan
evid,evid
except,except
exit,exit
expans,expans
expectationsreact,expectationsreact
explicit,explicit
express,express
extens,extens
extent,extent
extract,extract
extrem,extrem
eyeteeth,eyeteeth
face,face
facetofac,facetofac
facilit,facilit
fact,fact
fail,fail
fair,fair
fall,fall
familiar,familiar
far,far
fashion,fashion
fast,fast
fca,fca
feat,feat
feroci,feroci
fewer,fewer
file,file
fine,fine
fire,fire
firsthand,firsthand
flabbergast,flabbergast
flash,flash
flexibl,flexibl
flight,flight
float,float
fluenci,fluenci
flyer,flyer
fmi,fmi
fmw,fmw
focuss,focuss
forc,forc
forecast,forecast
forego,forego
foreign,foreign
foremost,foremost
formalis,formalis
former,former
fortnight,fortnight
forum,forum
fpcmpc,fpcmpc
fraction,fraction
freeli,freeli
freer,freer
fsfpc,fsfpc
fsrelat,fsrelat
fundamentalsmacro,fundamentalsmacro
funnel,funnel
gap,gap
gateway,gateway
gaug,gaug
gear,gear
generalis,generalis
generalist,generalist
generat,generat
generic,generic
geograph,geograph
gilt,gilt
gist,gist
glanc,glanc
glean,glean
goe,goe
gold,gold
got,got
govern,govern
grab,grab
greek,greek
ground,ground
groupthink,groupthink
grow,grow
guard,guard
guidanc,guidanc
guidelin,guidelin
hadnt,hadnt
happi,happi
hardpress,hardpress
hauser,hauser
havent,havent
headlin,headlin
heard,heard
heavi,heavi
heavier,heavier
heavili,heavili
held,held
hell,hell
heterogen,heterogen
highqual,highqual
hinder,hinder
honest,honest
hong,hong
hope,hope
hors,hors
hour,hour
hub,hub
human,human
hussein,hussein
ibd,ibd
ice,ice
identif,identif
idiosyncrat,idiosyncrat
imf,imf
impli,impli
implic,implic
implicit,implicit
imposs,imposs
increment,increment
index,index
indonesia,indonesia
informationshar,informationshar
infrastructur,infrastructur
inher,inher
inhibitedmor,inhibitedmor
inhous,inhous
initi,initi
inkl,inkl
insightunderstand,insightunderstand
instanc,instanc
institutionalis,institutionalis
instrumentsregul,instrumentsregul
insul,insul
insur,insur
intang,intang
interestingus,interestingus
intimid,intimid
intjistj,intjistj
intraday,intraday
introduc,introduc
introvert,introvert
investor,investor
invit,invit
iraq,iraq
irregular,irregular
isnt,isnt
isol,isol
joint,joint
jointlychair,jointlychair
jungl,jungl
keenhappi,keenhappi
kept,kept
kilter,kilter
knockon,knockon
known,known
kong,kong
lack,lack
lament,lament
later,later
latest,latest
layer,layer
lazili,lazili
least,least
leav,leav
left,left
leg,leg
legisl,legisl
legislationrul,legislationrul
legitim,legitim
legitimaci,legitimaci
lesser,lesser
let,let
liabil,liabil
liais,liais
lie,lie
likelihood,likelihood
liquid,liquid
live,live
londonbas,londonbas
longerrun,longerrun
longev,longev
longterm,longterm
lose,lose
loss,loss
love,love
lse,lse
machineri,machineri
made,made
manifest,manifest
manner,manner
maorient,maorient
map,map
marketconvent,marketconvent
match,match
mayb,mayb
meant,meant
mediumterm,mediumterm
mental,mental
mer,mer
merci,merci
merg,merg
merit,merit
met,met
metal,metal
mfad,mfad
mike,mike
mimarket,mimarket
minim,minim
minor,minor
mipolici,mipolici
mis,mis
mismatch,mismatch
mistak,mistak
mistshroud,mistshroud
misunderstand,misunderstand
misunderstood,misunderstood
mix,mix
mmr,mmr
mobil,mobil
monetari,monetari
mortgag,mortgag
most,most
mpcfpc,mpcfpc
mpcfpcpra,mpcfpcpra
mpcsfpcs,mpcsfpcs
multipl,multipl
name,name
navig,navig
neck,neck
negat,negat
network,network
neutral,neutral
never,never
newsfinanci,newsfinanci
next,next
nicki,nicki
nirvana,nirvana
non,non
nonsupervis,nonsupervis
norg,norg
normal,normal
nose,nose
notwithstand,notwithstand
novemb,novemb
obscur,obscur
obstruct,obstruct
odd,odd
offens,offens
offer,offer
onebank,onebank
onetoon,onetoon
ontheground,ontheground
opin,opin
origin,origin
outlet,outlet
outturn,outturn
outweigh,outweigh
overcauti,overcauti
overinvest,overinvest
overnight,overnight
oversight,oversight
pace,pace
packag,packag
paid,paid
panel,panel
paperwork,paperwork
paragraph,paragraph
parallel,parallel
paramount,paramount
parochi,parochi
partner,partner
passion,passion
passiv,passiv
pasteuris,pasteuris
pattern,pattern
paul,paul
peacetim,peacetim
pension,pension
perform,perform
peripher,peripher
persuad,persuad
physic,physic
pictur,pictur
piqu,piqu
plate,plate
play,play
player,player
plug,plug
policyanalyt,policyanalyt
polish,polish
polit,polit
poor,poor
portabl,portabl
portal,portal
portfolio,portfolio
postcrisi,postcrisi
postlibor,postlibor
powerpoint,powerpoint
practic,practic
prais,prais
pras,pras
precious,precious
precis,precis
predefin,predefin
predict,predict
premium,premium
prescript,prescript
presenc,presenc
press,press
prevail,prevail
prevent,prevent
primari,primari
prime,prime
priorityset,priorityset
privi,privi
proactiv,proactiv
progress,progress
publish,publish
purpos,purpos
pursu,pursu
quantifi,quantifi
quantit,quantit
questionnair,questionnair
quick,quick
radar,radar
ramp,ramp
razor,razor
readout,readout
realis,realis
realist,realist
realtim,realtim
recipi,recipi
recognisemeet,recognisemeet
recognit,recognit
record,record
recordkeep,recordkeep
referencingrepris,referencingrepris
relay,relay
reli,reli
remark,remark
remind,remind
remit,remit
resid,resid
resili,resili
respect,respect
restructur,restructur
retrograd,retrograd
return,return
reveal,reveal
revers,revers
rigid,rigid
rise,rise
riskfre,riskfre
rule,rule
rumour,rumour
rut,rut
safeti,safeti
sampl,sampl
sarah,sarah
scale,scale
scatter,scatter
scattershot,scattershot
schedul,schedul
screen,screen
secondari,secondari
seconde,seconde
secret,secret
secretari,secretari
secur,secur
seek,seek
segment,segment
select,select
selfedit,selfedit
sellsid,sellsid
semitheoret,semitheoret
send,send
sensibleuncontroversi,sensibleuncontroversi
seri,seri
servic,servic
setup,setup
seven,seven
shall,shall
sharp,sharp
sheer,sheer
shoe,shoe
shorter,shorter
shortrun,shortrun
shortterm,shortterm
showdeliverpres,showdeliverpres
sign,sign
signal,signal
simon,simon
simpl,simpl
simplifi,simplifi
singleparagraph,singleparagraph
sit,sit
situat,situat
sixweek,sixweek
skew,skew
slave,slave
slow,slow
smaller,smaller
smart,smart
soandso,soandso
softer,softer
solut,solut
somethingsomeon,somethingsomeon
soniabasi,soniabasi
soon,soon
sound,sound
special,special
spend,spend
spent,spent
split,split
spoke,spoke
spun,spun
squeez,squeez
stabl,stabl
stack,stack
staf,staf
standard,standard
standpoint,standpoint
statist,statist
stay,stay
steer,steer
stick,stick
stockwel,stockwel
stop,stop
straight,straight
strategist,strategist
stream,stream
strength,strength
stringent,stringent
stuck,stuck
studi,studi
stupid,stupid
suit,suit
supplement,supplement
surveil,surveil
suspici,suspici
swap,swap
sword,sword
symptomat,symptomat
synergi,synergi
systematis,systematis
tabl,tabl
tablet,tablet
tani,tani
target,target
task,task
techniqu,techniqu
technolog,technolog
text,text
therebi,therebi
theyd,theyd
theyv,theyv
thirti,thirti
thought,thought
three,three
throughout,throughout
tight,tight
timefram,timefram
tini,tini
titl,titl
today,today
tofrom,tofrom
took,took
tool,tool
topdown,topdown
touch,touch
trail,trail
train,train
transact,transact
transit,transit
transmit,transmit
treasuri,treasuri
triangul,triangul
tribe,tribe
trigger,trigger
trip,trip
troubl,troubl
TRUE,TRUE
truli,truli
tucker,tucker
tune,tune
twoway,twoway
typic,typic
uncertainti,uncertainti
underwhelm,underwhelm
unduli,unduli
unless,unless
unlik,unlik
unpack,unpack
unpredict,unpredict
unprompt,unprompt
unreason,unreason
unusu,unusu
updat,updat
upfront,upfront
upon,upon
urg,urg
urgent,urgent
useless,useless
user,user
vari,vari
various,various
vast,vast
viewpoint,viewpoint
virtuous,virtuous
voic,voic
wasnt,wasnt
watch,watch
watchlist,watchlist
watchword,watchword
waterfront,waterfront
weight,weight
went,went
whatev,whatev
wherea,wherea
wherebi,wherebi
wholli,wholli
whos,whos
widespread,widespread
widest,widest
wohlmann,wohlmann
wonkier,wonkier
workstream,workstream
wouldnt,wouldnt
yellen,yellen
yes,yes
yield,yield
york,york
your,your
